name,phone,country,text
Robin Davis,(356) 402-5021,United Kingdom,"et, rutrum non, hendrerit id, ante. Nunc mauris sapien, cursus"
Keane Mcguire,1-458-375-5043,New Zealand,tristique neque venenatis lacus. Etiam bibendum fermentum metus. Aenean sed
Colorado Potts,(222) 372-8144,Austria,nibh vulputate mauris sagittis placerat. Cras dictum ultricies ligula. Nullam
Beck Marquez,1-437-779-7436,Belgium,Nullam nisl. Maecenas malesuada fringilla est. Mauris eu turpis. Nulla
Neil Terry,1-437-235-0762,United Kingdom,orci. Phasellus dapibus quam quis diam. Pellentesque habitant morbi tristique
Inez Woods,1-266-779-7254,Ireland,"nibh dolor, nonummy ac, feugiat non, lobortis quis, pede. Suspendisse"
Althea Fitzpatrick,1-864-627-5782,China,"rhoncus id, mollis nec, cursus a, enim. Suspendisse aliquet, sem"
Simon Johns,1-852-536-0475,China,"augue scelerisque mollis. Phasellus libero mauris, aliquam eu, accumsan sed,"
Kalia Hess,1-849-214-8170,Canada,"ac, eleifend vitae, erat. Vivamus nisi. Mauris nulla. Integer urna."
Ginger Grant,(685) 184-7062,Austria,"Proin velit. Sed malesuada augue ut lacus. Nulla tincidunt, neque"
Sigourney Gutierrez,1-323-987-8678,Poland,non quam. Pellentesque habitant morbi tristique senectus et netus et
Riley Gutierrez,1-926-600-8701,Italy,"at, egestas a, scelerisque sed, sapien. Nunc pulvinar arcu et"
Wynne Edwards,1-305-536-1655,Canada,"Aenean egestas hendrerit neque. In ornare sagittis felis. Donec tempor,"
Josephine Vasquez,(774) 888-0471,Indonesia,"iaculis quis, pede. Praesent eu dui. Cum sociis natoque penatibus"
Luke Dunlap,1-175-301-1428,Sweden,sit amet ultricies sem magna nec quam. Curabitur vel lectus.
Eugenia Harrington,(658) 450-1412,Ireland,ut quam vel sapien imperdiet ornare. In faucibus. Morbi vehicula.
Dolan Sheppard,1-852-237-1535,Chile,"pede sagittis augue, eu tempor erat neque non quam. Pellentesque"
Ivor Waters,(502) 612-9843,China,Suspendisse aliquet molestie tellus. Aenean egestas hendrerit neque. In ornare
Travis Rivas,(559) 421-2176,Vietnam,"et magnis dis parturient montes, nascetur ridiculus mus. Proin vel"
Christian Skinner,1-433-747-5612,Turkey,"tellus faucibus leo, in lobortis tellus justo sit amet nulla."
Patience Cole,(706) 486-2560,Chile,Morbi non sapien molestie orci tincidunt adipiscing. Mauris molestie pharetra
Mark Hart,(926) 556-8038,France,"tempus eu, ligula. Aenean euismod mauris eu elit. Nulla facilisi."
Owen Goodwin,(596) 819-9914,United Kingdom,pede ac urna. Ut tincidunt vehicula risus. Nulla eget metus
Preston Duran,1-226-849-7774,China,"nibh. Donec est mauris, rhoncus id, mollis nec, cursus a,"
Merrill Noble,1-442-329-2895,New Zealand,"posuere at, velit. Cras lorem lorem, luctus ut, pellentesque eget,"
Hayden Slater,1-441-365-6084,Vietnam,primis in faucibus orci luctus et ultrices posuere cubilia Curae
Macon Gamble,(146) 313-7148,Austria,adipiscing ligula. Aenean gravida nunc sed pede. Cum sociis natoque
Hyacinth Decker,(351) 828-8269,Canada,et ultrices posuere cubilia Curae Donec tincidunt. Donec vitae erat
Raja Benjamin,(418) 396-6842,Colombia,"ac metus vitae velit egestas lacinia. Sed congue, elit sed"
Ian Craig,(374) 813-9876,Chile,semper tellus id nunc interdum feugiat. Sed nec metus facilisis
Nell Evans,1-917-346-8862,Italy,"pharetra sed, hendrerit a, arcu. Sed et libero. Proin mi."
Nell Cooke,1-722-780-4797,Italy,lorem tristique aliquet. Phasellus fermentum convallis ligula. Donec luctus aliquet
Zachery Martin,1-995-494-0201,Spain,"sed dolor. Fusce mi lorem, vehicula et, rutrum eu, ultrices"
Lamar Wolfe,1-236-688-1062,Costa Rica,"justo nec ante. Maecenas mi felis, adipiscing fringilla, porttitor vulputate,"
Jakeem Shields,(117) 150-1117,India,nascetur ridiculus mus. Donec dignissim magna a tortor. Nunc commodo
Gregory Arnold,1-544-722-5247,Germany,"dolor sit amet, consectetuer adipiscing elit. Etiam laoreet, libero et"
Orlando Little,(157) 410-5684,United Kingdom,mus. Proin vel arcu eu odio tristique pharetra. Quisque ac
Keane Browning,(453) 554-2276,Nigeria,"a, arcu. Sed et libero. Proin mi. Aliquam gravida mauris"
Chadwick Caldwell,1-968-574-8981,Canada,"lectus, a sollicitudin orci sem eget massa. Suspendisse eleifend. Cras"
Emmanuel Delaney,1-431-341-1476,Brazil,iaculis odio. Nam interdum enim non nisi. Aenean eget metus.
Kerry Miles,1-537-235-7814,United States,volutpat nunc sit amet metus. Aliquam erat volutpat. Nulla facilisis.
Henry Soto,1-186-656-6149,Australia,"eget, ipsum. Donec sollicitudin adipiscing ligula. Aenean gravida nunc sed"
Ralph Robinson,1-845-231-8314,Russian Federation,eu arcu. Morbi sit amet massa. Quisque porttitor eros nec
Xander Good,1-929-828-6687,Belgium,nunc sed pede. Cum sociis natoque penatibus et magnis dis
Declan Dillard,(452) 211-6453,Netherlands,ornare lectus justo eu arcu. Morbi sit amet massa. Quisque
Kay Durham,(650) 839-7992,India,elit. Curabitur sed tortor. Integer aliquam adipiscing lacus. Ut nec
Walter Stevenson,1-640-425-5229,Nigeria,Phasellus ornare. Fusce mollis. Duis sit amet diam eu dolor
Mariko Villarreal,1-995-288-4139,Mexico,"erat nonummy ultricies ornare, elit elit fermentum risus, at fringilla"
Rebecca Ochoa,1-646-669-4467,Spain,libero. Proin sed turpis nec mauris blandit mattis. Cras eget
Warren Delaney,1-202-176-2773,Ireland,Curae Donec tincidunt. Donec vitae erat vel pede blandit congue.
